{
  "sample_idx": 50724,
  "num_outages": 1,
  "metadata_num_retries": 0,
  "metadata_gen_scale_factor": 1.0362548688297308,
  "saved_state_valid_count": 39,
  "replay_state_valid_count": 39,
  "state_valid_match_all": true,
  "outaged_line_indices": [
    27
  ],
  "H_max_abs_err": 2.3376856006507296e-12,
  "H_mae": 3.87175749675575e-14,
  "H_rmse": 2.2708209496831751e-13,
  "Y_real_max_abs_err": 0.0,
  "Y_real_mae": 0.0,
  "Y_real_rmse": 0.0,
  "Y_imag_max_abs_err": 2.842170943040401e-14,
  "Y_imag_mae": 1.868619949401973e-17,
  "Y_imag_rmse": 7.287617802667694e-16,
  "Y_abs_max_abs_err": 2.842170943040401e-14,
  "Y_abs_mae": 1.868619949401973e-17,
  "Y_abs_rmse": 7.287617802667694e-16,
  "worst_bus_pos": 36,
  "worst_bus_id": 36,
  "worst_bus_type": "PV",
  "worst_feature_max_abs_err": 2.3376856006507296e-12,
  "Pd_mae": 0.0,
  "Pd_max_abs_err": 0.0,
  "Qd_mae": 0.0,
  "Qd_max_abs_err": 0.0,
  "Pg_mae": 2.8057328540270624e-14,
  "Pg_max_abs_err": 1.0942358130705543e-12,
  "Qg_mae": 1.765425412696249e-13,
  "Qg_max_abs_err": 2.3376856006507296e-12,
  "Vm_mae": 2.1919787922086425e-16,
  "Vm_max_abs_err": 8.881784197001252e-16,
  "Va_mae": 2.7486382116228617e-14,
  "Va_max_abs_err": 5.1514348342607263e-14
}