sample_idx,pp_converged,n_valid_nodes,n_outages,gen_scale_factor,Vm_MAE_pu,Vm_max_pu,Va_MAE_deg,Va_max_deg,Pg_MAE_MW,Qg_vs_res_MAE_Mvar
5307,True,39,1,1.007706104239746,0.0,0.0,0.0,0.0,0.0,27.2879
33941,True,39,3,1.047859639947922,0.0,0.0,0.0,0.0,0.0,36.7572
50499,True,39,2,1.0752276974945614,0.0,0.0,0.0,0.0,0.0,28.4086
55130,True,37,2,1.149870637401183,0.0,0.0,0.0,0.0,0.0,40.6072
63697,True,38,2,1.159939194630323,0.0,0.0,0.0,0.0,0.0,49.0609
