{
  "pq_mse": 0.09746250323951244,
  "pq_rmse": 0.3108511170491317,
  "pv_mse": 0.011493610683828592,
  "pv_rmse": 0.10559064837455666,
  "slack_mse": 0.009320261306129396,
  "slack_rmse": 0.09435180130273704,
  "supervised_mse": 0.03942545875906944,
  "phy_mse": 0.016908346908167005,
  "phy_p_rmse_pu": 0.15184939838945866,
  "phy_q_rmse_pu": 0.10265655629336834,
  "base_mva": 100.0,
  "num_state_valid": 9838.5,
  "phy_weight": 0.09999999999999999,
  "loss": 0.04111629328690469,
  "rmse": 0.19763786488703142
}