{
  "sample_idx": 28765,
  "num_outages": 2,
  "metadata_num_retries": 0,
  "metadata_gen_scale_factor": 1.0347848048403916,
  "saved_state_valid_count": 39,
  "replay_state_valid_count": 39,
  "state_valid_match_all": true,
  "outaged_line_indices": [
    22,
    18
  ],
  "H_max_abs_err": 5.6274984672199935e-12,
  "H_mae": 1.3361249428793341e-13,
  "H_rmse": 6.855845739490174e-13,
  "Y_real_max_abs_err": 7.105427357601002e-15,
  "Y_real_mae": 5.8394373418811655e-18,
  "Y_real_rmse": 1.8779761224706615e-16,
  "Y_imag_max_abs_err": 2.842170943040401e-14,
  "Y_imag_mae": 1.868619949401973e-17,
  "Y_imag_rmse": 7.287617802667694e-16,
  "Y_abs_max_abs_err": 2.842170943040401e-14,
  "Y_abs_mae": 1.868619949401973e-17,
  "Y_abs_rmse": 7.287617802667694e-16,
  "worst_bus_pos": 31,
  "worst_bus_id": 31,
  "worst_bus_type": "PV",
  "worst_feature_max_abs_err": 5.6274984672199935e-12,
  "Pd_mae": 0.0,
  "Pd_max_abs_err": 0.0,
  "Qd_mae": 0.0,
  "Qd_max_abs_err": 0.0,
  "Pg_mae": 5.1559895953873936e-14,
  "Pg_max_abs_err": 2.0108359422010835e-12,
  "Qg_mae": 6.810734312705627e-13,
  "Qg_max_abs_err": 5.6274984672199935e-12,
  "Vm_mae": 5.408778837917429e-16,
  "Vm_max_abs_err": 1.887379141862766e-15,
  "Va_mae": 6.850076061937216e-14,
  "Va_max_abs_err": 1.3145040611561853e-13
}