{
  "split_dir": "/data2/zyh/case39_samples/train",
  "num_samples_checked": 65536,
  "base_mva": 100.0,
  "num_buses_from_metadata": 39,
  "num_problem_samples": 0,
  "num_physics_suspicious_samples": 0,
  "max_phy_p_rmse_pu": 3.684103126708611e-09,
  "max_phy_q_rmse_pu": 3.1300600803383894e-09,
  "median_phy_p_rmse_pu": 2.113806533281878e-14,
  "median_phy_q_rmse_pu": 7.28441425806136e-14,
  "num_unique_h_shapes": 1,
  "num_unique_y_shapes": 1,
  "num_unique_state_valid_count": 34,
  "top_problem_sample_ids": [
    40496,
    62785,
    47001,
    64788,
    59920,
    37136,
    16330,
    28467,
    3578,
    1776,
    31853,
    60548,
    47366,
    4150,
    36855,
    35225,
    3840,
    53174,
    18426,
    10271
  ]
}