{
  "sample_idx": 28382,
  "num_outages": 1,
  "metadata_num_retries": 0,
  "metadata_gen_scale_factor": 1.2308551024448295,
  "saved_state_valid_count": 39,
  "replay_state_valid_count": 39,
  "state_valid_match_all": true,
  "outaged_line_indices": [
    4
  ],
  "H_max_abs_err": 8.526512829121202e-12,
  "H_mae": 2.1826747436988565e-13,
  "H_rmse": 1.048300084648256e-12,
  "Y_real_max_abs_err": 7.105427357601002e-15,
  "Y_real_mae": 4.6715498735049324e-18,
  "Y_real_rmse": 1.8219044506669235e-16,
  "Y_imag_max_abs_err": 2.842170943040401e-14,
  "Y_imag_mae": 1.868619949401973e-17,
  "Y_imag_rmse": 7.287617802667694e-16,
  "Y_abs_max_abs_err": 2.842170943040401e-14,
  "Y_abs_mae": 1.868619949401973e-17,
  "Y_abs_rmse": 7.287617802667694e-16,
  "worst_bus_pos": 34,
  "worst_bus_id": 34,
  "worst_bus_type": "PV",
  "worst_feature_max_abs_err": 8.526512829121202e-12,
  "Pd_mae": 0.0,
  "Pd_max_abs_err": 0.0,
  "Qd_mae": 0.0,
  "Qd_max_abs_err": 0.0,
  "Pg_mae": 4.008189791467232e-14,
  "Pg_max_abs_err": 1.5631940186722204e-12,
  "Qg_mae": 1.1839646072659003e-12,
  "Qg_max_abs_err": 8.526512829121202e-12,
  "Vm_mae": 9.137989510376288e-16,
  "Vm_max_abs_err": 1.9984014443252818e-15,
  "Va_mae": 8.464454208770361e-14,
  "Va_max_abs_err": 1.3855583347321954e-13
}