{
  "sample_idx": 5850,
  "num_outages": 1,
  "metadata_num_retries": 0,
  "metadata_gen_scale_factor": 1.2140657991882802,
  "saved_state_valid_count": 39,
  "replay_state_valid_count": 39,
  "state_valid_match_all": true,
  "outaged_line_indices": [
    17
  ],
  "H_max_abs_err": 8.412825991399586e-12,
  "H_mae": 1.418945682699235e-13,
  "H_rmse": 9.486059672401581e-13,
  "Y_real_max_abs_err": 7.105427357601002e-15,
  "Y_real_mae": 4.6715498735049324e-18,
  "Y_real_rmse": 1.8219044506669235e-16,
  "Y_imag_max_abs_err": 0.0,
  "Y_imag_mae": 0.0,
  "Y_imag_rmse": 0.0,
  "Y_abs_max_abs_err": 0.0,
  "Y_abs_mae": 0.0,
  "Y_abs_rmse": 0.0,
  "worst_bus_pos": 30,
  "worst_bus_id": 30,
  "worst_bus_type": "SLACK",
  "worst_feature_max_abs_err": 8.412825991399586e-12,
  "Pd_mae": 0.0,
  "Pd_max_abs_err": 0.0,
  "Qd_mae": 0.0,
  "Qd_max_abs_err": 0.0,
  "Pg_mae": 2.1134091627736314e-14,
  "Pg_max_abs_err": 8.242295734817162e-13,
  "Qg_mae": 8.063749098651804e-13,
  "Qg_max_abs_err": 8.412825991399586e-12,
  "Vm_mae": 6.803674432959293e-16,
  "Vm_max_abs_err": 2.4424906541753444e-15,
  "Va_mae": 2.317804068332827e-14,
  "Va_max_abs_err": 4.618527782440651e-14
}