{
  "sample_idx": 42901,
  "num_outages": 3,
  "metadata_num_retries": 0,
  "metadata_gen_scale_factor": 1.1047786976415197,
  "saved_state_valid_count": 34,
  "replay_state_valid_count": 34,
  "state_valid_match_all": true,
  "outaged_line_indices": [
    29,
    21,
    0
  ],
  "H_max_abs_err": 1.8189894035458565e-11,
  "H_mae": 2.956049460292764e-13,
  "H_rmse": 1.715855009121179e-12,
  "Y_real_max_abs_err": 0.0,
  "Y_real_mae": 0.0,
  "Y_real_rmse": 0.0,
  "Y_imag_max_abs_err": 2.842170943040401e-14,
  "Y_imag_mae": 3.737239898803946e-17,
  "Y_imag_rmse": 1.0306247933924268e-15,
  "Y_abs_max_abs_err": 2.842170943040401e-14,
  "Y_abs_mae": 3.737239898803946e-17,
  "Y_abs_rmse": 1.0306247933924268e-15,
  "worst_bus_pos": 30,
  "worst_bus_id": 30,
  "worst_bus_type": "SLACK",
  "worst_feature_max_abs_err": 1.8189894035458565e-11,
  "Pd_mae": 0.0,
  "Pd_max_abs_err": 0.0,
  "Qd_mae": 0.0,
  "Qd_max_abs_err": 0.0,
  "Pg_mae": 4.664075393707324e-13,
  "Pg_max_abs_err": 1.8189894035458565e-11,
  "Qg_mae": 9.322685074062648e-13,
  "Qg_max_abs_err": 1.6711965145077556e-11,
  "Vm_mae": 7.230683288584353e-16,
  "Vm_max_abs_err": 2.886579864025407e-15,
  "Va_mae": 3.742305610698028e-13,
  "Va_max_abs_err": 4.973799150320701e-13
}